,Name,POS,Teams,numTeams
0,Champ Bailey,CB,"Was,Den",2
1,Randy Moss,WR,"Min,Oak,NE,Min,Ten,SF",6
2,Michael Vick,QB,"Atl,Phi,NYJ,Pit",4
3,Reggie White,LE,"Phi,GB,Car",3
4,Derrick Brooks,ROLB,TB,1
5,Ted Hendricks,LOLB,"Bal,GB,Oak,LAR",3
6,Steve Hutchinson,LG,"Sea,Min,Ten",3
7,Lorenzo Neal,FB,"NO,NYJ,TB,Ten,Cin,SD,Bal",7
8,Willie Roaf,LT,"NO,KC",2
9,Bruce Smith,RE,"Buf,Was",2
10,Sean Taylor,FS,Was,1
11,Steve Young,QB,"TB,SF",2
12,Davante Adams,WR,GB,1
13,Jamal Adams,SS,NYJ,1
14,Keenan Allen,WR,"SD,LAC",1
15,Adrian Amos,SS,Chi,1
16,David Andrews,C,NE,1
17,Geno Atkins,DT,Cin,1
18,David Bakhtiari,LT,GB,1
19,Doug Baldwin,WR,Sea,1
20,Anthony Barr,ROLB,Min,1
21,Odell Beckham Jr,WR,0,1
22,Le'Veon Bell,HB,Pit,1
23,Eric Berry,SS,KC,1
24,Joel Bitonio,LG,Cle,1
25,Joey Bosa,LE,"SD,LAC",1
26,A.J. Bouye,CB,"Hou,Jax",2
27,Nigel Bradham,LOLB,"Buf,Phi",2
28,Tom Brady,QB,NE,1
29,Drew Brees,QB,"SD,NO",2
30,Antonio Brown,WR,Pit,1
31,Zach Brown,MLB,0,3
32,Malcolm Butler,CB,"NE,Ten",2
33,Kevin Byard,FS,Ten,1
34,Calais Campbell,LE,"Ari,Jax",2
35,Jurrell Casey,RE,Ten,1
36,Kam Chancellor,SS,Sea,1
37,Kenny Clark,DT,GB,1
38,Jadeveon Clowney,ROLB,Hou,1
39,Landon Collins,SS,NYG,1
40,Amari Cooper,WR,Oak,1
41,Fletcher Cox,DT,Phi,1
42,Lavonte David,ROLB,TB,1
43,Demario Davis,MLB,"NYJ,Cle,NYJ,NO",4
44,David DeCastro,RG,Pit,1
45,James Develin,FB,",NE",1
46,Stefon Diggs,WR,Min,1
47,Aaron Donald,RE,"Stl,LA",1
48,Demar Dotson,RT,",TB",1
49,Julian Edelman,WR,",NE",1
50,Ezekiel Elliott,HB,Dal,1
51,Zach Ertz,TE,Phi,1
52,Mike Evans,WR,TB,1
53,Larry Fitzgerald,WR,Ari,1
54,Leonard Fournette,HB,Jax,1
55,Travis Frederick,C,Dal,1
56,Devonta Freeman,HB,Atl,1
57,Marcus Gilbert,RT,Pit,1
58,Stephon Gilmore,CB,"Buf,NE",2
59,Melvin Gordon,HB,"SD,LAC",1
60,Brandon Graham,LE,Phi,1
61,Jimmy Graham,TE,"NO,Sea,GB",3
62,A.J. Green,WR,Cin,1
63,Everson Griffen,RE,Min,1
64,Brent Grimes,CB,"Atl,Mia,TB,NFLEHam",3
65,Rob Gronkowski,TE,NE,1
66,Todd Gurley II,HB,0,1
67,Chris Harris Jr,CB,0,1
68,Damon Harrison Sr,DT,0,2
69,Casey Hayward,CB,"GB,SD,LAC",2
70,Hunter Henry,TE,"SD,LAC",1
71,Jordan Hicks,MLB,Phi,1
72,Tyreek Hill,WR,KC,1
73,T.Y. Hilton,WR,Ind,1
74,DeAndre Hopkins,WR,Hou,1
75,Justin Houston,LOLB,KC,1
76,Jordan Howard,HB,Chi,1
77,Rodney Hudson,C,"KC,Oak",2
78,Kareem Hunt,HB,KC,1
79,Micah Hyde,SS,"GB,Buf",2
80,Melvin Ingram,RE,"SD,LAC",1
81,Myles Jack,LOLB,Jax,1
82,Janoris Jenkins,CB,"Stl,NYG",2
83,Malcolm Jenkins,SS,"NO,Phi",2
84,David Johnson,HB,Ari,1
85,Lane Johnson,RT,0,1
86,Trumaine Johnson,CB,0,2
87,Deion Jones,MLB,Atl,1
88,Julio Jones,WR,Atl,1
89,Reshad Jones,SS,0,1
90,Cameron Jordan,LE,NO,1
91,Linval Joseph,DT,"NYG,Min",2
92,Lamarcus Joyner,FS,"Stl,LA",1
93,Kyle Juszczyk,FB,"Bal,SF",2
94,Alvin Kamara,HB,NO,1
95,Jason Kelce,C,Phi,1
96,Travis Kelce,TE,KC,1
97,Ryan Kerrigan,LOLB,Was,1
98,Luke Kuechly,MLB,Car,1
99,Jarvis Landry,WR,"Mia,Cle",2
100,Marshon Lattimore,CB,NO,1
101,Sean Lee,ROLB,",Dal",1
102,Taylor Lewan,LT,Ten,1
103,Andrew Luck,QB,",Ind",1
104,Alex Mack,C,"Cle,Atl",2
105,Khalil Mack,LE,Oak,1
106,Zack Martin,RG,Dal,1
107,Tyrann Mathieu,FS,"Ari,Hou",2
108,Devin McCourty,FS,NE,1
109,Gerald McCoy,DT,TB,1
110,Rashaan Melvin,CB,"TB,Bal,NE,Ind,Oak",5
111,Von Miller,LOLB,Den,1
112,Cam Newton,QB,Car,1
113,Andrew Norwell,LG,"Car,Jax",2
114,Greg Olsen,TE,"Chi,Car",2
115,Kelechi Osemele,LG,"Bal,Oak",2
116,Jason Peters,LT,"Buf,,Phi",2
117,Marcus Peters,CB,"KC,LA",2
118,Patrick Peterson,CB,Ari,1
119,Ryan Ramczyk,RT,NO,1
120,Jalen Ramsey,CB,Jax,1
121,Jordan Reed,TE,Was,1
122,Xavier Rhodes,CB,Min,1
123,Aaron Rodgers,QB,GB,1
124,Ben Roethlisberger,QB,Pit,1
125,Matt Ryan,QB,Atl,1
126,Brandon Scherff,RG,Was,1
127,Jabaal Sheard,RE,"Cle,NE,Ind",3
128,Richard Sherman,CB,"Sea,SF",2
129,Kawann Short,DT,Car,1
130,Josh Sitton,LG,"GB,Chi,Mia",3
131,Darius Slay Jr,CB,0,1
132,Harrison Smith,FS,Min,1
133,Jimmy Smith,CB,0,1
134,Telvin Smith,ROLB,0,1
135,Tyron Smith,LT,0,1
136,Matthew Stafford,QB,Det,1
137,Terrell Suggs,ROLB,Bal,1
138,Ndamukong Suh,DT,"Det,Mia,LA",3
139,Golden Tate III,WR,0,2
140,Adam Thielen,WR,Min,1
141,Demaryius Thomas,WR,Den,1
142,Earl Thomas III,FS,0,1
143,Michael Thomas,WR,NO,1
144,Danny Trevathan,MLB,"Den,Chi",2
145,Desmond Trufant,CB,Atl,1
146,Bobby Wagner,MLB,Sea,1
147,Delanie Walker,TE,"SF,Ten",2
148,J.J. Watt,LE,Hou,1
149,Carson Wentz,QB,Phi,1
150,Daryl Williams,RT,Car,1
151,Trent Williams,LT,0,1
152,Russell Wilson,QB,Sea,1
153,Marshal Yanda,RG,Bal,1
154,Kevin Zeitler,RG,"Cin,Cle",2
155,Terrell Davis,RB,Den,1
156,Dan Marino,QB,Mia,1
157,Terrell Owens,WR,"SF, Phi, Dal, Buf, Cin",5
158,Brian Urlacher,MLB,Chi,1
159,Rod Woodson,CB,"Pit, SF, Bal, Oak",4
160,Demarcus Ware,ROLB,"Dal, Den",2
161,Tim Brown,WR,"Oak, TB",2
162,Ray Lewis,MLB,Bal,1
163,Jerry Rice,WR,"SF, Oak, Sea",3
164,Shannon Sharpe,TE,"Den, Bal",2
165,Michael Strahan,LE,NYG,1
